,illiq,year,t_stat
count,47454.0,47454.0,47454.0
mean,3.1209298921827737,2005.4944577907027,3.0534599164339973
std,84.7749299021071,1.7359218595072254,1.6980060530214733
min,-830.6647983966548,2003.0,-2.975455859364577
25%,0.015402245754212942,2004.0,2.1389441712442245
50%,0.07275937744402236,2005.0,2.960005491135442
75%,0.3087259096527337,2007.0,3.8518896939451603
max,8571.42857142857,2009.0,116.52233942127177
