Year,Mean implied gamma,Median implied gamma
2003,0.006595042901987222,0.004536356829129672
2004,0.005370895487763517,0.003602567297052576
2005,0.0046836661584620035,0.0033045222049445534
2006,0.004274443491812289,0.0031423296506029284
2007,0.005705203953275227,0.004372909835523594
2008,0.012403731972554519,0.00895680765613676
2009,0.015905622907392582,0.01225830788313788
Full,0.006559748933395765,0.004239012658888736
