Year,Mean illiq,Median illiq,Per t greater 1.96,Robust t stat
2003,1.0124313282729804,0.11864931196591286,77.28391264226391,2.5415710064992756
2004,1.0549070108245338,0.0610283484870234,77.37701529557668,10.183842294997408
2005,0.8511258591880073,0.04094861733394167,80.297199059226,4.067339130496067
2006,0.40902475917474085,0.03639255331151396,87.91405550581915,6.715444889141522
2007,1.1160225157397663,0.06496159029645351,87.32633528866934,1.8153847022020786
2008,13.271567903756138,0.23277023625920612,67.4084973330881,20.78784586185285
2009,17.980450228825646,0.3344871011669981,69.00736887732987,1.1862809387633413
Full,3.1199321977326644,0.07259071511924528,79.67926834408058,17.057180907786254
